"","y","forecast1","forecast2"
"1",0.833733170755138,1.52395769886931,2.41882186272759
"2",-0.276047773214867,-0.410212415803284,3.31914919294688
"3",-0.355001838033406,0.598251167540302,2.41572553197774
"4",0.0874874238042033,-0.0158545148470668,-1.05771037931324
"5",2.25225573054322,1.74522002927771,0.0646559900129073
"6",0.834460129133672,0.937428289179046,1.2812664665445
"7",1.31241550858861,0.889923785761056,4.44701797427191
"8",2.50264540789068,3.11669484339327,6.74167978050874
"9",1.16823174338441,-0.0683311715641459,1.27726366457038
"10",-0.426165577414356,0.708980030115536,-2.57959339528211
"11",-0.996129751611455,-1.61984678247889,0.437960085459375
"12",-1.11394990363057,-0.0422149643184164,0.827756785916876
"13",-0.0557315403807902,-0.759967177170121,1.34878207038653
"14",1.17443239803407,0.843555250116927,2.06284962210351
"15",1.05321861042839,-0.286849976662786,4.86550890755443
"16",0.0576059707462377,0.824751172445872,-1.92623683387896
"17",-0.735042894870237,-1.21367963137574,0.388205101106866
"18",0.930528423097571,1.192354235528,-0.601394645289819
"19",1.66821096855678,1.79363431073475,-0.0150067079863618
"20",0.559687886028685,0.379407206622812,0.995169068547782
"21",-0.753974771477392,-0.562142601155383,-4.87553015569462
"22",1.25655419461513,1.0976471305194,0.597606689680314
"23",0.0384925470284087,0.582077722814775,3.71498230221104
"24",0.189539826842359,2.15077103236276,3.34955298964227
"25",0.462594950834118,-0.861148166292133,1.59222144365602
"26",-0.427363053111719,0.0252950808745612,-0.871766690778569
"27",0.0165860020823382,-0.189738234796843,0.0662148271555164
"28",0.704879101971209,1.72593930226742,-1.0048714960485
"29",0.971849320863435,1.86217075464229,1.79951046377989
"30",-0.620491603012847,-0.709440390188988,2.13903317130319
"31",-0.855866997168277,-1.23372190304286,-3.88618641580536
"32",0.0695583271194081,0.228278740756921,1.08305812764986
"33",-1.04619827000882,0.442715623743335,-3.46409302022068
"34",-2.74886838257142,-4.88155788975997,-6.14676530706706
"35",-1.129859610267,-2.3962378102356,-4.64188865137043
"36",-0.861684767289298,1.20791084490565,0.21861512575615
"37",1.56007384726135,0.692947590647752,2.78186829446937
"38",1.01508837421401,1.67895408456996,1.49323386430413
"39",1.04399442519974,-1.3030117813727,-0.924123316216852
"40",-1.11590519308513,-0.794742149810568,1.0033492712353
"41",-1.07130449680085,0.204499708471864,-0.662599486751038
"42",0.967820942738897,-1.87760240264979,1.9416975708351
"43",0.171032549243962,0.55171508957226,2.49680210557515
"44",-0.896250288041391,-0.100856517342027,-2.88704131216332
"45",0.158289251523148,-0.0254478127391548,3.38329446397896
"46",-0.501948472881832,-2.20417777477323,1.02696246756407
"47",-0.96592261645935,1.38834943205561,-1.94097911106446
"48",-0.113734138186597,-0.910795804743552,4.04631172474324
"49",1.08594980757201,2.04326268854336,2.82119220748717
"50",-1.211648258836,-2.50712226391759,-3.29645052517573
"51",-1.76772206281184,-0.70819510543911,-2.55126290192336
"52",-0.491692075201622,-0.985989979098049,1.49398271060213
"53",0.321465874416895,1.40587434437345,-2.01078477029783
"54",1.46066081432652,1.43540487712091,4.0470079888864
"55",1.53724261930231,0.790256026560704,5.66729740550353
"56",-0.339568531653538,-1.78742498578852,-0.523669612391992
"57",-1.07744874309147,-0.683235130937453,-2.18606395553794
"58",-1.49076519100169,-2.09199237168714,-1.13741557573964
"59",-0.252746693928174,0.17877751468606,3.0377743952957
"60",-0.121922508600992,-1.33590589054828,-4.60618558034069
"61",-0.64898337037671,-0.694845668394078,0.994911360201887
"62",0.313075754750257,1.62217456536469,-0.0124970067138193
"63",0.122810565309504,-0.567267853548121,-0.349021235305813
"64",-0.836840418143109,-1.94012503798243,-2.00778640415016
"65",0.600421736804145,-0.00950576554411542,0.274860771077312
"66",-0.245934663111039,0.167016427071945,-1.03159373470227
"67",-0.184664648830931,1.05204850352016,-0.440114221954283
"68",0.0231567710545932,0.978949401610846,1.84909012731382
"69",-0.484651582714955,-1.84368027003422,-2.22616811407372
"70",-0.737906342578866,-1.21535987806196,-2.40364493505141
"71",1.30250752046651,-0.441547008105247,-0.562654922629106
"72",0.564499438918106,0.44437466524254,-2.56085420091547
"73",-1.80504434798559,-2.48248950235688,-0.970549269006775
"74",0.438338909442946,1.78530849809605,-0.476911471242771
"75",-1.44108896642391,-2.49270131982991,-0.902010782372784
"76",0.952829152684737,0.560137895454144,0.231971414827813
"77",-0.722982384554621,-1.26305399460672,0.0714323561298263
"78",0.0487603005867416,1.64597106363515,2.21652446342955
"79",-1.56353217932782,-0.801522132167354,-2.43410936091815
"80",-2.30236637099556,-3.74094421614034,-2.64825314512563
"81",1.1579635707624,1.8535760945163,3.53022228714931
"82",-0.704735436549026,-0.94702576284154,1.7796501694926
"83",-1.57382213450626,-1.0895768859323,-0.0873667852288424
"84",0.518351544665789,0.37218715791755,-0.950895809765415
"85",-1.06493057743535,-0.928334052988526,-0.47210092266639
"86",0.0470543772727867,0.795465896531024,0.273510070802431
"87",0.848047431482345,1.96410935318278,-0.342244885605466
"88",0.432677763707481,-0.163948832610518,0.605381485356793
"89",0.522805334035158,-0.317228689563907,1.08763607000432
"90",-0.253886093618669,0.217343021340506,-3.20232510427627
"91",-0.496851925165462,-0.564141048041799,-0.0926410336479203
"92",1.2601011532334,1.46249682333481,3.26027804514916
"93",0.564980199740061,0.484130836820012,0.831108122468279
"94",-0.344637704618559,-3.06809508659773,-2.74250417077322
"95",0.724809801215502,0.847337681838477,1.32866359824515
"96",0.86409213895068,1.17309155848438,2.35397824186842
"97",0.369246632717744,-0.333065909642003,-0.120774052548455
"98",1.58359622963865,1.36745832398884,2.90985314544904
"99",0.0603704137116869,1.27603979171722,-2.04760565327214
"100",0.12871093152544,1.35962194301788,-1.40825610807106
"101",-0.850789273697136,-0.934990156932239,-1.80342085300641
"102",1.09855115987946,0.248362528220893,3.81704831862014
"103",-1.20635502461306,-0.985201948433365,1.20181794096674
"104",0.581862275601223,1.92660792696533,0.320043021519494
"105",0.863689894606213,1.35778788462842,1.3069327571789
"106",0.983052003516704,2.53602081062133,0.844667719532422
"107",-1.27126025060932,-1.59067187342139,-1.20106291932981
"108",-0.0010627559597739,-1.69235751738686,0.0127607581645671
"109",-0.960910158084825,-1.4637060805324,-2.59058320501905
"110",1.25920930609166,0.782653744323636,1.15368832034135
"111",-0.866606889766521,-0.0119519631049321,3.07130565043337
"112",0.249044189875891,0.980674557751165,-2.47792674021918
"113",-0.0861682233524856,1.50616165965741,0.2801753713758
"114",-0.492884341187659,-0.883054536840129,-3.77408755712751
"115",-0.268998913602071,-1.40814281138918,-4.16777445121128
"116",-0.399240236060148,1.99852592281151,0.832502687895628
"117",-0.944297509896752,0.805037710871322,0.343367097310524
"118",1.01318833182108,0.890748525726745,1.89136558895342
"119",-0.408704068461386,2.52930487112674,-1.2769930239832
"120",-0.181086790279949,0.771801762756056,1.73758080910951
"121",1.18375585526481,2.59203191699097,-1.44361375677942
"122",-1.6084944913774,-1.83694004615446,-4.03949979604477
"123",-2.27243986233877,-3.07838056004157,-2.35830078634793
"124",-2.04060791618362,-2.65598256358384,-4.20889643950886
"125",-0.648006353798164,-2.14331466572888,1.55889477224907
"126",0.717722237473676,1.75615596861211,0.487119570267116
"127",-0.103400011865832,-2.23695605292222,-2.46915594018511
"128",0.327017361940306,0.457847916206682,-0.300907001616187
"129",-0.977597331210816,-2.43493657744876,-2.43832241459026
"130",0.341442982718759,-1.17044530308945,1.13081631950833
"131",0.0438223920479864,0.26299700544517,-1.36998112224275
"132",-1.02157836321979,-0.308488127307996,-3.13963362269532
"133",0.793427719165763,0.719788516680037,0.887187190899552
"134",0.501624457844115,-0.249229453550332,1.36313314660792
"135",-1.55447035363535,-1.46159762270596,1.17284850407391
"136",0.883497837304051,1.3310418297256,-0.0740885280436029
"137",-0.207767800945427,-0.558255565005113,1.4659637204786
"138",1.83137401441157,2.41323921764886,-1.88622931464458
"139",0.177264382039047,-0.683223634813998,4.22766241270365
"140",-0.805840648418236,-2.66985682737384,-1.90042920420805
"141",1.94793246953866,3.43862601131564,3.55407922756302
"142",0.121197052346136,1.15733667702948,1.95599271395252
"143",-0.354949126608785,-1.75320163500712,-2.70921005584236
"144",1.05286625000877,1.98480665113851,2.50001551130274
"145",1.16311396243821,1.71623596690535,1.62264940136046
"146",-0.798832818112667,-0.213064018321922,-3.43680002091647
"147",0.775455294244402,1.65143551106988,-1.64858362456879
"148",-1.99500735222183,-2.60152235181737,-2.06049470070193
"149",-0.350562192718786,0.426468486509582,0.598725718766327
"150",0.380864742480641,1.42460367576732,-1.70372723860961
"151",0.258213780476749,-0.394674212701139,-0.146062242350937
"152",0.964510262749692,1.99043634794752,0.0776224680324917
"153",-0.49127815285053,-1.14575424618416,-4.18809536423387
"154",0.0816387558481636,1.49938197357638,-0.772339608936488
"155",-0.161770722712965,-0.00714555200859082,-1.48307015615046
"156",1.27281706938619,3.44205272498993,-2.30731162031186
"157",-0.720269271354268,-0.353863191995836,-3.28880633943541
"158",1.54105155929228,2.22083291825886,-1.19262016580597
"159",0.853661550437055,1.41928646288649,-1.70304836835957
"160",0.802399491164481,-0.662325500652243,0.832566004559525
"161",-0.342622154782719,-0.609856949162936,2.76631812959651
"162",0.100400042458137,1.83169223995414,1.88350473813912
"163",0.151988238139438,0.958272300687772,-2.67779547968602
"164",-2.45581255411732,-2.19966881520837,0.210395643175632
"165",-0.342028985448376,0.15754478486228,-1.98549503493633
"166",-1.31498161873869,-1.07862244392701,1.85297728715736
"167",-1.91005200816704,-1.9111650408596,-1.79518819367051
"168",0.579521797948254,0.352015895801088,-1.13763601246507
"169",-1.71517773618146,-0.997863327866345,-1.39657091529178
"170",-0.398379238886204,-0.581832223346497,0.390084458539901
"171",-1.57874830812546,-1.96522880637804,-1.45625020031711
"172",1.8448032472625,2.30425350679055,1.36013174198266
"173",0.975759554913579,1.8701532612278,3.29062361204755
"174",-0.330200648609169,0.321567170404443,2.07851372134349
"175",1.19340095379811,0.206022169792141,1.26947641436547
"176",-0.333519124110893,0.754137557673849,1.82318890820973
"177",0.166367824074479,0.363077134203111,0.793614082259561
"178",-0.430243704345157,-0.383380274107972,6.52127069872679
"179",1.96595859468528,2.05622388604563,1.58148705825412
"180",0.559368623371243,-0.133236718951505,-2.80637098277209
"181",-0.641505330626423,-1.38788675235982,-1.75769781839345
"182",-0.046974595787299,0.473434713753108,1.17785628585852
"183",1.13414390604673,0.985121923174815,0.697465425379331
"184",0.289231287199732,1.13521813985453,0.393669679542499
"185",0.462396154260733,0.888930726748056,-0.0612595688860939
"186",1.18186856625008,0.172027568474564,1.96360734290946
"187",-1.40972757938603,-0.596753960834625,-3.09445977378862
"188",-0.623606349489075,0.350869310691516,-0.757840101961446
"189",-0.657089996893093,0.838051706331532,1.66586177309403
"190",0.707823769812572,1.39374515437381,0.129224914301445
"191",-1.62792657280169,1.63663798627381,-0.749254054078505
"192",-0.44811675005631,-2.01500204905196,-2.67070918545506
"193",1.119014387372,2.0777810821167,0.104843265078094
"194",0.185996669942552,1.17298026911695,0.577190601218425
"195",-0.362059692022077,-1.04962637184044,-0.822994765136733
"196",0.247001999044726,-0.571256973793568,-0.804247537823391
"197",0.358568278699001,-0.289799827746945,1.1329380724905
"198",0.016933008624189,-0.978712329960522,-1.13781958607034
"199",-0.235277161138086,0.0620558443363189,2.10785409325849
"200",-0.390686642663777,-0.869183724973254,-0.151835716518167
"201",-1.12055305354096,-2.55333583596249,-0.599477463771123
"202",-0.0623239097279758,0.382321681527769,1.62041872030653
"203",0.714141787092386,0.507028638992336,1.1207289110821
"204",0.773044917263407,2.46051909791702,-0.63035159478523
"205",1.98370558850738,0.44030654326205,0.592722533588407
"206",0.881272155780142,0.0132591282492793,1.94757899665959
"207",-1.15256312988842,-2.05143886492526,-3.24500707107568
"208",0.555267425744255,-0.186490518055736,1.18983212792721
"209",0.268358014950856,1.34592736453555,0.755443666159868
"210",1.26793195047063,0.27701305613049,1.92729317858311
"211",-1.90832145568216,-2.65814146753551,-2.4773029425754
"212",0.478768964737613,0.535686587238017,3.26073473843629
"213",-0.0284737796122412,0.799311688177562,1.45096539055306
"214",0.100745430764425,0.933150168541714,0.744647154242082
"215",0.85754666267697,-2.00263892096616,4.10156404074928
"216",-0.211337521571441,1.00180953165761,-1.28228003166687
"217",0.472017541151463,0.313629246906425,1.95639206609959
"218",-0.446199773516907,0.375955134520976,0.659093971078728
"219",0.592727513720667,-0.0559045550456412,-1.92003041312323
"220",1.41738685887078,1.72574351719454,-0.522401782840543
"221",1.47679550626409,-0.520036082594516,0.105111776630911
"222",-0.124384586794558,0.288374318807857,-0.473611563910263
"223",-1.762787648762,-0.722880322693227,-4.44512062697831
"224",0.00224503631964614,1.55328761359733,0.103714922951409
"225",0.0842611671074709,0.493767331294383,1.71133598171513
"226",0.0247746774456961,0.719877474758204,-1.78140215888582
"227",-0.648589883974542,-1.40736061717706,-3.82391105542443
"228",-1.06000216594237,-2.14010059411537,1.89518798944673
"229",-0.600514758124996,-0.290454495257466,-0.296028124666365
"230",1.06329921968661,2.58952563990344,0.226827775283981
"231",1.3900490887482,1.45176817727802,2.67142272627212
"232",-0.797998056872233,-2.15810433863782,-3.77478504915572
"233",0.887348784648367,-0.366084960426748,-0.999474408139882
"234",-0.597060584124133,-1.6088701446129,-2.23230993128973
"235",-0.134638383941028,-0.988049059629998,3.03296509734893
"236",-0.315928180835777,-0.306017975513419,-3.74121125893509
"237",-0.789336286423667,-1.8218475950571,-2.00337746115438
"238",0.741226548004648,-0.00238853869932409,2.36411955148719
"239",-0.60795949840621,-0.968421135275381,-1.18367830077833
"240",-0.44179247290201,0.252580316365981,-2.53188117509729
"241",0.282611909329383,-0.890464782183292,-0.707406425395699
"242",-0.173743194981977,0.564023641610637,-2.27442186702293
"243",0.335221265620436,-0.811892663730016,1.59319594253953
"244",-0.648210383586336,-0.332706987392731,-0.684531186090724
"245",-0.0306355267177049,0.485731082672275,0.948197327323996
"246",0.725092712475761,-0.290728593052727,1.32015685708881
"247",-0.871049803749351,-1.64907952139209,-1.26609080761799
"248",-0.430622338560493,-0.797940639853812,0.7398211484668
"249",-0.127805965280421,-0.204916399826414,-0.388188259534589
"250",0.0860887685701234,-0.658404716409769,2.27252783808119
"251",0.28517708392528,-0.329094595119039,1.02629906155337
"252",-0.566896430796919,0.577782429125877,-1.41133986341379
"253",0.129462645885536,0.269457965436938,-0.78905085145761
"254",0.500283034536768,1.26215811325862,0.653210909769076
"255",-2.37360250565102,-4.08157926403761,-4.57016602876759
"256",0.525979966582525,0.40511990936477,-2.03863024901052
"257",0.605441410802952,-0.294592176759356,-0.656552408770486
"258",-0.667462535138183,-0.918958933286112,-3.93964688973079
"259",-1.37067611678584,-0.868747978323749,0.115296389718724
"260",0.575757174851956,0.987223857071307,1.05149395691491
"261",-0.325121994008783,1.43618104609535,0.231212451851634
"262",0.939676909942992,1.17994865585277,0.546077370043355
"263",1.04800595440858,1.53138926499445,-1.26546475257351
"264",1.01498228971431,-0.514400635716013,-0.200867716587497
"265",-1.63988879040578,-0.618297160562693,-3.11652247866182
"266",2.58773229184321,3.34948509140388,1.42589655595747
"267",-0.372420166974931,0.258007342047307,-0.771269207065363
"268",-0.0997251193015259,0.665778206811783,0.969859220623087
"269",-0.746128430610029,-0.586186538676641,0.652622399581768
"270",0.370886740576893,1.58867685729292,2.24236037301236
"271",0.0248101452163038,-0.280065237998011,-2.3309220979167
"272",0.286780884577423,0.0464382981552089,-0.845898835278569
"273",-1.15123673732683,-1.82943173150908,-1.49731789163615
"274",0.253346719204169,-0.715681946277741,-0.478204796248001
"275",0.576412530491392,1.84933300647125,5.39207704198208
"276",1.62698963171757,1.14047895389451,1.59206301600725
"277",1.87739082265134,1.17900797914641,3.24071667592488
"278",-0.0626844861941385,-0.711327355188709,3.01751638586132
"279",-2.23251553065927,-2.62653292150148,-4.31174968603876
"280",0.574791412554438,-0.748443373391233,1.47901602127977
"281",-0.360185368257798,-1.70035775499656,0.0625803262460837
"282",1.68433932451071,1.40919361368455,1.94157372025883
"283",0.143995036730572,0.342698701548561,-0.905354753476344
"284",1.03018307968239,0.586983547510534,0.23634215197822
"285",0.721552950664333,2.0435999451875,-1.08953120163169
"286",-0.358695863064892,0.355499832733971,4.96254786231277
"287",0.308330066708003,-0.481548517578699,-1.71386868302532
"288",0.880533136552763,-0.448137207867244,-0.168259228656719
"289",1.39952855756906,1.58409040762551,1.88309658643927
"290",-0.333417371149203,-1.62143938722068,-1.88744013534088
"291",-0.562584492576932,-1.35073119892567,-0.81844465773002
"292",-0.859598778978882,-1.26124604940217,0.717258403071914
"293",1.02113338671231,1.33650442117907,1.45087065508417
"294",0.52636401842761,1.30264350294566,1.70879019345425
"295",-0.812288576806866,-2.39016925713422,0.685552543885411
"296",-2.06914590659289,-3.64450296502145,-3.2256812621493
"297",0.32817793617126,-0.367110654932089,-2.06090693740721
"298",-0.960464668546194,-1.50609339458305,-4.82252810232003
"299",2.37083611286944,1.81558543609063,-1.03748394958722
"300",2.20953097005084,3.30544562432129,1.74675972938838
"301",1.15123169923349,1.51405437434768,-0.311986632107653
"302",0.675365083147516,-0.258752291152231,4.12246967828179
"303",1.21416959469094,1.16094993040932,2.01907697067736
"304",-0.723311200570798,-0.763478892190348,-2.25994394420303
"305",-1.00048295969413,-1.79823123967271,1.50749683027567
"306",-0.123591636538939,0.14121868003315,-0.222736852822817
"307",-0.882838491288131,1.56911689468108,-5.68928664923441
"308",-0.526162426627203,-0.0525157438720179,-2.1152551853345
"309",1.0193412030884,-0.342093080117934,2.22665641745821
"310",-0.415422681267005,-1.18975801270261,-1.34459537380879
"311",-3.76584186107649,-5.3200147470552,-4.45540386377494
"312",-0.568997203903644,1.63045013531647,0.737552683906638
"313",1.41380019771224,-0.503195078191931,2.08347470300338
"314",0.711235389778844,-0.856770239131056,-0.301810990858004
"315",-1.26952596788927,-0.464195046132164,-1.80635360933324
"316",0.344178154575362,2.30139410535405,-0.748194810927311
"317",0.725769497724517,-0.706358918395533,1.79701355024421
"318",1.59179368540824,0.288979931712489,3.24558406122562
"319",-1.98491911006489,-1.23287028580942,-2.04478730094514
"320",1.17119745825823,0.397913399982292,-0.255885374928518
"321",0.424142821126245,0.580616774745165,-0.947800943630001
"322",-0.256234309215161,0.433674368155601,-2.61333349026854
"323",0.0983169265102559,-0.995133183799479,2.52226220329316
"324",-1.45339068606323,-1.60883753641654,-3.33041346081863
"325",0.99069845869902,3.83165203293225,0.0452987354499038
"326",-1.26759568778814,-1.02932906518502,0.501921349329169
"327",1.56169373315996,2.81608069313089,5.45669142942611
"328",-0.568466540481208,0.659938119810381,-2.99795686474733
"329",1.46655706222409,1.06176393863089,3.65268778509196
"330",0.926014734689445,3.22583414701435,4.1388803515355
"331",-1.18524635478536,-0.791715239793202,-0.956952754485709
"332",0.613570674890575,0.634949522916435,2.47484431861884
"333",-1.80343186880814,-2.78372030412798,1.74210722512174
"334",0.873882398352483,0.514936873463391,2.16339495334855
"335",-0.0854417904529287,-0.919332119735955,-2.4117297575733
"336",-1.01943916468572,-1.76862048034082,-2.79791900820193
"337",0.296580783164832,0.0512223823469605,0.703456059326818
"338",0.163293677794229,-0.767846116250102,2.97165272186871
"339",1.01765341702538,2.55514177630344,2.92959516714047
"340",0.11383760762834,1.53116383574373,-1.08553191299462
"341",0.47612999399315,0.389450306523248,0.732910248848559
"342",0.672358917287076,0.215373024154825,1.36194304363556
"343",0.551933640385456,1.0024737027286,-1.59310320674284
"344",0.149230586328155,0.350055190468101,1.95178952138584
"345",0.680346685257884,2.50500512044326,2.95672127962115
"346",0.38430553688403,-1.1753420156995,0.590500167594885
"347",-0.960998163531016,0.198000471326218,0.456293513783877
"348",-0.725558467041327,-3.34282062671644,0.547365698185724
"349",0.183290536370107,1.13376698190566,0.138970215783228
"350",-1.03120606131915,0.55480689975404,-2.60082316066259
"351",0.28144216272381,-0.190200223147728,-1.441793296896
"352",-0.143820369366453,-0.703304958017769,0.0444616825517911
"353",-0.3074911777433,-1.44288916031943,-0.831245754873319
"354",-0.557617284958671,-0.297560281937215,1.23129525845588
"355",-2.31339956538366,-1.23992318220856,-7.72607719506432
"356",0.629744488470371,1.1869796038657,1.9733008465763
"357",1.41483011634253,1.83151773535816,1.2945773594926
"358",1.32408080241229,2.92851824114322,-0.220732848220826
"359",-1.55459762360611,-0.548524234020393,-1.42736146331247
"360",0.132978850682803,0.946087843971114,0.906944527472835
"361",-1.62880514456084,-2.10286604815178,-1.11645415616399
"362",1.08181009336715,1.22458250874673,4.51557345305399
"363",-1.29451577939515,-0.971719694375438,-4.31257385831343
"364",2.00896798194533,2.68146508451025,-0.38028226501054
"365",-1.74174441641944,-2.55656731713595,-2.30264217379333
"366",0.627957851811192,1.66394523224429,5.20290410832706
"367",1.8056928803254,2.48346949556327,-0.103932035481722
"368",-0.705816113549509,-0.254565907452675,-1.23321653080726
"369",0.573984514542363,-1.72023565765602,1.27645394960302
"370",1.13025753506128,2.20756731125601,2.37607281763749
"371",0.0564371621458429,-2.31785637000046,4.05857152462172
"372",-0.185784328872134,0.643868617546596,-1.68723299038134
"373",1.55713868328485,2.2259955076531,3.47394272612509
"374",1.46576953034064,1.13276103088857,3.94308284629266
"375",2.67889273932529,2.27795530470505,1.58807416937535
"376",0.597815634692441,-0.404911545840611,4.76578777048375
"377",1.14850712088245,1.60457537966438,1.34511794146209
"378",1.27285399438,1.57689933674346,3.41505206723697
"379",-1.02354436757345,-0.985007077034141,-2.79872188251948
"380",-2.63400102833399,-2.39335754284664,-2.24623784553584
"381",0.570178972881897,1.95136336191573,3.00006394204073
"382",1.20791955436947,0.242317366696015,3.47981279029612
"383",-0.723306307024077,-0.716274910619325,-1.39427173994718
"384",1.41385713543295,1.07159150994091,0.377646375064244
"385",0.460552862520915,0.36610391294855,1.98943371492143
"386",1.31895963325325,0.790406515494417,2.19167663508364
"387",-0.133512472753454,-0.707462444067178,0.0277456828842358
"388",0.509755687140429,-0.214031757087844,-0.910509704999641
"389",-1.28027057949778,-0.799969651876005,-0.949473428138081
"390",-0.292381448052201,0.406725820376854,-2.10605787855742
"391",-0.41878243920313,0.516296370759004,-1.59852365542542
"392",-0.422426188423021,-1.76853476356633,-0.517403588158831
"393",-2.14161882858604,-0.853393047433544,-4.24174021913555
"394",-0.0923695774683618,-0.160039180184305,-2.36453626171449
"395",0.613356121217239,1.47785265499554,-0.752147922871759
"396",-0.854733947145662,-1.48374820611661,3.13089691195802
"397",-0.522554792092892,-1.1060099759,-3.09106610718894
"398",0.900286510131136,1.05214628924315,3.19893176227838
"399",-0.061755117503975,2.02950800024303,1.10405870007945
"400",0.294274470353649,0.733260697959645,1.29099052663917
"401",0.247381703523926,-0.0416811523151138,-0.251293428487644
"402",0.37057248958981,-0.599233393296603,-2.11164823112778
"403",0.794381293921018,0.220947355608817,1.22426358150462
"404",0.0112075269246276,0.676348689257317,1.38355356619727
"405",-0.367263857637496,-1.42654394695494,-0.740341539776685
"406",-1.50473237543181,0.456051603595148,1.00240145881433
"407",0.296922240474348,0.836939723844007,1.25056073765636
"408",0.61387418754317,0.715947651907373,-2.6603191385387
"409",0.544875236256816,1.02903204963874,-0.788055568342042
"410",-1.30738055217897,-0.986307973635047,-0.255135372102657
"411",1.200475386473,1.30910789957755,2.20211827377006
"412",-1.32802153662673,-0.686393955619354,0.434228837585873
"413",-1.30771138458958,-2.46059328585241,-2.13120896755405
"414",1.25556863044886,0.290155141666638,0.42173909701811
"415",-0.659336585980316,-0.825949262535565,1.82638555399004
"416",-1.60099562577411,-2.02432730917816,-3.68083495222405
"417",-0.359859108501794,-0.719110249673146,-4.70090643437742
"418",0.428619801789734,1.77910861902752,-1.50508529107209
"419",0.603260231282269,0.854524451977708,2.4885949683837
"420",0.0617613085298903,-0.666201117614153,0.910044123807181
"421",-0.642729190132914,1.54678878440319,0.505863929008118
"422",-0.743043285698724,0.316622778793711,-1.14813749971981
"423",0.118508577756512,-0.810827400369752,-2.13064994237839
"424",0.513907710698674,1.78978960507675,-0.0947283071655065
"425",1.37299572052726,1.3086825377544,3.27544283778901
"426",0.498617194913862,-0.769470597285551,1.48537499583642
"427",0.109431106016386,-0.268100803079488,-1.95720155855182
"428",0.566784311796697,-1.39929426035551,1.03636429629151
"429",0.438504571042084,0.00500484787204053,-0.0116942819663851
"430",-0.904420967773218,-1.15717917285758,1.75877209583873
"431",-1.82227356351769,-2.03125722692192,-2.06108864276648
"432",-0.990685093672049,-1.14353335387333,1.74981876558554
"433",-0.177212238757039,-0.564200344776788,0.727607329473213
"434",-0.279818955506294,0.149304411396332,3.36361723600924
"435",0.321141777688999,1.23067938845716,4.67258909522766
"436",-0.38816354832663,-1.44090519070973,1.4852345066028
"437",-0.220123779651969,-1.12506677616173,0.173728653452368
"438",-0.54493282853908,-1.58752203465815,3.31184203296354
"439",1.7231079096682,-0.434775951718944,-1.23145497353967
"440",-0.430320924802343,3.16505532534702,-1.17537675104994
"441",-0.964162454100679,-0.725177688853473,-2.9326038885279
"442",0.821609545304371,0.851670141860904,4.57075886702585
"443",-1.35109043548124,-2.1396773822501,2.16219505702168
"444",-0.53907935773152,-1.47071208031423,2.65057400239215
"445",-1.23797667776658,-1.7698865217853,1.8305018850188
"446",0.406638608484488,1.88900328107085,-0.00763633438171823
"447",1.34962693633814,0.596305892001605,4.8170482936938
"448",-0.0772769341180814,-1.25113131797525,2.20331440541671
"449",-0.531350900511775,0.539555649912333,0.60738104852818
"450",-1.06034880325832,-3.58820363179563,-4.39001226086064
"451",1.28549945572469,-0.101329019299317,0.981132936709602
"452",0.094981561826845,0.947017842338942,1.83648953347665
"453",0.190057118706665,0.699026876388456,3.27422667558596
"454",-0.72529275445899,-0.828385863383397,-0.0909815233926812
"455",-0.964575759198283,-1.25249054864096,-1.46041784531998
"456",0.434287574507168,0.92430801093745,2.43786814739941
"457",0.621043764895456,-0.663545316658279,-2.00193911793449
"458",-1.11311591069299,-1.38675262187474,-0.65260838010923
"459",0.822393654386459,2.14973769809322,-0.952799235333894
"460",-0.272402486818089,-0.133128941520717,0.769820557277363
"461",-0.738027909402844,-1.73620743191713,3.08314939263756
"462",0.415683167869322,-0.246083787695362,2.26352542490888
"463",-1.13468536182702,-1.42593847989952,-0.365502381064769
"464",-1.0006733239682,-0.684473617590343,3.90443350842239
"465",1.56885140742298,1.52560815200892,-4.00098659521644
"466",0.877409669933392,3.01768248420079,4.4408835654802
"467",-0.422824810761355,-0.840649406191052,-0.716369673278442
"468",-1.347086245435,-1.45820176890185,-1.94023264349034
"469",-1.44040087514405,-1.39252670514105,0.995477182946404
"470",0.727693313149542,-0.238186247898634,-1.78898283300837
"471",0.130648423271168,-0.15074048929029,0.262642140926712
"472",-1.57794741383275,-2.07430937425469,-1.93832826195649
"473",0.252844296960071,-0.572897190911119,1.20329590467707
"474",0.190669680734163,-0.824583539129631,-2.04969601608639
"475",-0.52179833542305,0.361026840887116,2.39945298636727
"476",2.07602875343777,2.6473539638196,2.87225927726806
"477",-0.478180754561063,-1.36891945836626,-1.66403002547321
"478",-1.5736498940308,-1.85717043659269,-3.45277670453541
"479",0.592491758149396,0.599801163104832,-0.915804121855553
"480",-0.833557000124469,-0.606402039024176,-0.474477223574926
"481",-0.393825873826339,0.683959912085416,-0.560946947741511
"482",-0.683226981664033,0.502315462895819,-1.06318935878026
"483",-0.277484673280383,0.800110465026371,0.175651682381532
"484",-0.478352013706876,0.157668209905918,-0.526217812579026
"485",-0.591701422615691,-1.15720209249541,-1.52533859624992
"486",-1.17692385465187,0.0249540809067754,-1.03397267408419
"487",0.925816599020047,0.645405155247818,-2.2855934131031
"488",0.136063196025828,0.279268083520811,-1.73098112117154
"489",-0.323302667981194,-1.48733989312099,-1.87550528185028
"490",2.48954525750763,2.12284017962056,3.21504386882761
"491",0.24670334570971,-0.204126320194877,-0.77354388204566
"492",-0.756583035932683,-2.91481908915126,0.891363347483853
"493",1.49719571665583,1.47261091655532,-0.945226350043477
"494",0.683461146965416,1.64710251958161,2.76075479083178
"495",1.00289513597083,0.416832817879269,-1.43952913248828
"496",0.516773583823244,0.830654489392985,-0.895078123216297
"497",-0.196262141208927,-0.0733350174219693,-0.787280832984969
"498",0.421277855709569,0.045619919103195,2.56733280497755
"499",-0.16877973921169,-1.06781501906473,-0.884373070486637
"500",-0.475022549850017,-1.11044680455374,0.50626236935457
"501",-0.558630030594662,-0.414946741980644,0.0411148201559125
"502",0.99091439185943,0.3443486822706,-0.065756752051828
"503",-0.0429917978290155,-0.782473232243621,-0.11871030618453
"504",1.66546278341797,-0.450987929520348,0.615674014826299
"505",-0.271032900460634,-1.65060716046794,-0.798619706504099
"506",2.61561739361171,3.45712347636218,0.343760699912646
"507",0.289960212406934,0.346144077620622,4.48488243786179
"508",-0.0173210874445562,0.362224161392725,-0.941542301180486
"509",-0.437418814022422,1.19046558670408,-2.51025247955361
"510",0.400554667038817,1.71046164212423,-0.796832277467387
"511",1.8398635239111,2.35046642784209,0.794339344973973
"512",0.0434043933789706,-0.695322874619058,-1.18266858354971
"513",1.70556868057888,1.20851460801646,1.51314962525797
"514",0.314899060211924,-0.0860349896227516,2.14698939026854
"515",0.72950604021702,1.93643677534571,1.09807483905926
"516",0.679781967582327,1.39945681608746,3.94457043646705
"517",-0.5197333109364,-0.797420918146444,-1.12150165582681
"518",0.474627576433571,-0.394293665573341,1.32410465988753
"519",0.871260666491602,1.16515093924993,-1.02361449299061
"520",-0.996400426465898,-1.75548016933825,-2.83880739351142
"521",0.553813103495721,1.72790373429618,3.53496241588529
"522",-1.29673947667237,0.23282392337102,-4.09422739903258
"523",1.80631155553953,3.56655468313913,2.91067649030211
"524",1.01962487030556,0.847909846844855,0.691798118558643
"525",1.79684264712326,1.66069664491666,0.658759565907928
"526",-1.04497822675552,-0.670962364750696,0.163292575399825
"527",-0.527371908162962,0.65087467471706,2.36341176158108
"528",-0.317819449267093,0.226645534900261,1.45248951726881
"529",-1.05395094318306,-1.04659793536171,-0.596760472892284
"530",0.131837573111018,-0.365732822326968,0.466802021453844
"531",1.52175607184509,1.73543553386335,2.34007274730171
"532",0.257872361384113,-1.08877057766402,0.735334886236807
"533",-0.844873849193662,-0.381894481563577,-0.391738659588625
"534",-1.05546058739405,-0.857071115589742,-1.73271896900145
"535",0.139045781481825,1.75224826144062,1.28111750797734
"536",0.546081519012419,-0.251086238825103,1.46175944217546
"537",-1.03043315280147,-0.434986654310958,-0.820707726872867
"538",-0.140903153366277,-0.927906027566978,1.84008681210634
"539",1.94800536319435,2.9084710644554,5.8117230942013
"540",-1.59379814162981,-0.592240000588974,-1.00290579186376
"541",1.40485708650505,1.00993183453191,-0.071907274689454
"542",-0.00230000625444757,-1.47197795926955,-1.69042516869436
"543",0.3049044343258,-0.709682421990173,4.83967952656423
"544",0.921375239595793,1.6401847734719,-2.94011267982974
"545",0.121579256907083,1.43000346868679,-0.191610642539309
"546",0.379825143493293,0.783752936068695,3.0204102436243
"547",1.67069615362835,0.131139287132487,1.40250686487369
"548",-0.231307997179634,0.592163172983045,-1.94211190186869
"549",-0.79762293284659,-0.675959062969755,0.110933581738327
"550",0.22219790459458,3.305009079237,-1.19721626936911
"551",0.365809191009596,1.23242361837791,-0.548745629659636
"552",-1.01962670286213,0.426152015348737,-3.12752055079434
"553",0.664347791563768,0.90098429675052,-0.712823533437848
"554",0.696406913612526,0.301906851595908,1.1830397797341
"555",1.44816084799142,-0.799925911566887,1.27720217817883
"556",0.201699161537252,1.18983099033341,-0.553484693700396
"557",-0.138577848076648,0.617137668197579,0.597616439265955
"558",0.216572407700292,2.46090940048501,-1.61696201428421
"559",1.75465827749358,1.07405010817778,5.05841233753283
"560",0.136027089181998,1.56543056552323,-3.47352331575444
"561",0.282009624768838,-0.553475673169358,0.820070963809602
"562",-1.39025538178781,0.966689027350223,-3.23219776164712
"563",-0.270340069592715,-1.79379463279989,-3.06024764701231
"564",-0.109935559988521,-1.46059308394877,1.78413018011434
"565",0.596169835046669,2.26677896550671,2.07282669829594
"566",0.742101283702153,1.16686408844827,0.899819554166198
"567",0.288137448107197,-1.23719596566393,1.02287766731633
"568",-1.26820236446357,-2.38959573839679,-0.472202053579759
"569",1.96129785044239,0.964001900502077,-1.66449955289802
"570",1.48808044453016,0.351852811470592,-0.56149450980451
"571",0.631815254739684,2.08362680477397,-0.489685580711057
"572",-1.07741252117501,-1.30223619109485,0.194745822170015
"573",0.641822144397146,1.90325514343274,1.69877922501463
"574",0.242701585305609,1.71723723118466,0.109541467493853
"575",1.76368280243672,0.525980985208307,4.13586904648609
"576",-0.995661772840226,-1.59092623956405,-1.55748685310548
"577",1.08369971277464,-0.00858037607107032,3.99129187930665
"578",-0.734505003996775,-0.369519742740442,-0.564509781636299
"579",-0.248571701476094,-1.86550030467894,-0.0342312362395014
"580",0.992520248862283,1.93848115005254,2.86348345598386
"581",1.21508840769904,2.14929581588731,-3.05598973079587
"582",0.606008946563877,1.40714691993264,5.03497000623751
"583",0.261414955675584,-0.927429855974516,4.03930187019064
"584",-0.375748673626346,-1.36014419458825,-2.3803887926846
"585",0.457984890986816,0.459914669829127,-1.32673412841643
"586",-0.112918538812485,0.923847703138204,-0.5525805272012
"587",-0.42007154227158,0.430389661764271,-0.647300536087126
"588",-0.273524242704257,-0.272166613873783,-4.35290986423512
"589",-1.58337206155892,-1.4702294067427,-0.745799988369059
"590",-0.630814013966099,-1.5893283371616,-0.328183859176371
"591",0.259152753054022,2.12635320337733,-0.983745741632838
"592",-0.737762421682303,-0.757329965339268,-0.784998593795737
"593",-0.836994247449789,-0.129771413446237,-2.21913853885147
"594",-1.48413453954193,-1.69668976271215,-1.79327365528416
"595",-0.847728833542734,-2.3450097695231,-1.3061887094745
"596",-2.10559304982077,-1.76104436928314,-1.69336875610342
"597",0.187628441048221,0.613843029150382,0.119408472051198
"598",-1.01624815220143,-1.05185493830193,-2.86945425311546
"599",1.98377303699719,0.0541500244388951,0.451415259007107
"600",0.67559253538877,0.683173445475603,0.00694084096019165
"601",0.153504324579999,-0.0652523556091009,-2.1728552928238
"602",0.323349996202242,1.69228913644697,0.0921993117630764
"603",0.920799240598873,3.10255283739698,0.93211212091075
"604",-1.07997084562223,-2.02123283275722,-0.175634246902358
"605",2.17749291220117,2.60863388861701,2.66703718701903
"606",-1.22934697262966,-0.983146473155688,-1.87189967019386
"607",0.197689731730169,0.264496133159438,-3.03500022885313
"608",-0.0925094623392855,0.121354330006218,-3.54166883936349
"609",-0.219037644826317,-0.0969337268030881,1.66500072904656
"610",0.445685537589574,1.38229057539834,-2.86720724660783
"611",0.463160250898765,1.2006131106121,1.67173323602121
"612",0.649689005278111,0.334691870509413,-1.26140438344037
"613",-0.162776821541598,-0.930553207972304,-0.65403463423494
"614",0.96935945540989,0.883583786626079,-1.2689589192433
"615",-1.58905728741478,-1.58820250850484,1.20110000030203
"616",-0.151765069238775,-0.798307219555373,-0.00244890660905284
"617",-0.131650800929901,-0.149509095115018,-0.610254993115328
"618",0.912156233087566,-0.278538026301935,-2.16018004630432
"619",0.346414295419418,-0.0723118885212276,1.68362403861618
"620",-0.407662599985708,-0.261852538756904,-0.557748110842715
"621",-0.33944745897774,0.514003785634073,3.74774054870057
"622",1.23709226606955,3.52583496702138,3.56736115482775
"623",1.37459761117789,3.01881227898887,1.82257617638538
"624",-0.272526153685426,-0.27298675062599,-0.338888212533034
"625",0.513338954245137,1.78836495348704,1.93018498371841
"626",0.42477855791665,-0.48289189320449,0.0765169425513481
"627",0.2650602362656,1.62735177230455,0.536049676356928
"628",-0.284817519463606,-1.09610520541003,-0.384034169468554
"629",-1.84136209320268,-0.943614152545692,-3.32389373480482
"630",0.558915837276808,0.541191575353708,0.719081521041502
"631",-0.498350840683519,0.538528481928755,3.01707584296696
"632",-0.69860895667994,-1.58940641511164,0.756403005142055
"633",1.37651155088633,-0.454373241949882,1.79121205138776
"634",-1.73550910759955,-3.04153827396019,-3.60875365510392
"635",1.08955917999029,-0.388259391372044,0.0155455858184481
"636",0.397831793745408,-1.0904962569155,1.76643052328849
"637",-0.0412361471223696,-1.12590253936111,0.551993750607777
"638",0.735294657570137,-1.2962727793455,-0.122154838798717
"639",-0.58539730359867,1.34437812701979,0.7304710180211
"640",0.394158884231402,1.23787435861966,-0.598044748144434
"641",-0.649337876057898,-0.584597590415324,0.396338451606597
"642",0.654388456998142,1.47526698369151,-0.187037367849799
"643",0.152115026719153,-0.0989999145323139,-2.08934871784316
"644",-0.809299340288015,-0.372543978843299,1.5435838454677
"645",0.0400839496579737,0.281656159005124,0.818364688264755
"646",-0.113571185676598,-0.784862954301529,1.00260737585639
"647",1.58532034626794,1.22277972376125,3.10216534622593
"648",0.943864605626147,2.13310308142092,0.371831610853295
"649",1.46020170019132,0.382502441969463,-2.01705271809981
"650",0.0507420696362193,0.242162250075755,-0.0825264377442212
"651",0.00129051131869815,-0.205933620760227,-2.30304735283802
"652",-0.107001659588806,-0.556396188490775,2.53637621023805
"653",1.25147004183766,2.67361406792185,1.47993798364885
"654",-1.19217266838279,-2.25233943548732,0.869606412563124
"655",1.15049945051296,2.24511967824984,1.19197294624164
"656",-0.609611364118849,0.435003665131075,1.67658630923701
"657",1.32083068466033,1.33178929737714,2.04166139273942
"658",-1.76384235767163,-0.823116370467534,-0.207158398122885
"659",-0.434426355871238,0.200457957712496,-3.83123135382229
"660",0.850360424391544,1.12458655858517,1.03809584202129
"661",1.22739169024388,0.575880249974858,6.2879466297401
"662",1.03742730298295,1.60371830577726,-0.485274505146417
"663",1.07622623358318,1.90927887998664,-0.100537204381397
"664",0.770894175227937,2.62950629154745,3.21455596287994
"665",-0.373689958218213,-1.71201214024908,-0.634154605333519
"666",-0.412252554575013,0.318838942480332,0.178416224853184
"667",-0.208467190144893,0.0742707221055494,-1.09451568673436
"668",-0.302480440234642,-0.950722915318096,-2.95095454540278
"669",-0.329302240725757,-0.574652761389983,-2.24695762492053
"670",0.306840005477021,-0.460429701139919,0.0773487994864384
"671",-1.70472602945248,-1.59905564623055,-0.560465906393813
"672",-0.453072735264819,0.367716941631392,0.943796887697475
"673",-0.444007520373722,-2.87052964401115,-1.68539604375928
"674",0.0343237600622095,-1.09980876257099,-0.694066852704858
"675",0.792927508977732,-0.752110654369809,-1.77020147190294
"676",-1.37155838919186,-2.30406558528412,-3.78171016892363
"677",-1.85760652298974,-0.388422324936417,-2.10001260441297
"678",-0.63325620251425,-1.35239487343118,0.222639973244003
"679",-1.61324934706887,-2.9155486991803,1.38594321821709
"680",-0.687991672518385,-0.108109957787004,-0.762896339151139
"681",0.00622364122287011,-0.409884774541426,-0.722888086071257
"682",0.147570649378316,-1.65119482212938,1.95356663247701
"683",0.746381062576874,0.230310858097896,1.82705600861436
"684",-1.40061627122865,-3.22075069524387,-0.842582537705972
"685",-0.302927682028503,-0.446998934224081,0.894074258586222
"686",0.825783007911436,3.21710209659135,0.534894300920969
"687",0.458999593408705,-0.950828779283254,0.236557956255378
"688",1.19579097192701,0.72943699045412,-0.0635994690706709
"689",1.06576905500167,0.942850207358548,4.27343282641255
"690",0.180163781653992,0.206889016836303,-0.755877859951455
"691",-0.790655058284711,-1.34914453165031,-1.43522035609201
"692",-1.1524810352328,-2.2189678537692,0.414234830270705
"693",-2.50106315191256,-1.51703664449601,-2.05235117927782
"694",-0.553865630310633,0.322340534126299,-3.48349063160482
"695",-0.347083422810576,-0.310909961919361,-4.07974375235733
"696",0.22001300498024,1.09521018917558,-2.18234640416299
"697",0.0747539002717665,-0.848338356336048,-0.748942875379902
"698",0.880359246556186,1.27067250374556,-0.719792938229942
"699",0.400836717821575,0.375073522783806,-0.461472647054964
"700",-1.05079936435854,-1.1884503074697,-3.81354070263715
"701",0.0636731038625265,-0.334376519170023,-1.10365936787549
"702",2.53079483076657,3.87212336721454,4.94181308814983
"703",-0.864634384862442,-1.93651159822162,-6.33056644797718
"704",-1.22725743277902,-2.17119757291198,1.11293259910835
"705",-0.485727003273232,-2.05473031580526,-3.3368253826081
"706",-0.235796057679715,-1.37635715619011,1.14818277671417
"707",-0.736980777166587,-0.753918558803203,2.26141159446734
"708",0.397065738959099,2.95224645822027,-2.00536905865916
"709",-0.230767496198308,0.798778070223565,-0.0333117587378402
"710",-0.0764403062474644,-0.353342404534961,1.77045341348246
"711",0.504628051987006,0.544181893842009,0.177896535317358
"712",0.227022175921859,0.67829154138111,-1.15737973545421
"713",-0.501115010721686,-1.0803564008781,2.22850660793932
"714",0.150417111705396,-0.195840750626185,-2.02038958046006
"715",2.17140441081131,0.550806389856731,8.75831329598913
"716",-1.01148355957512,-0.851155842063837,1.36977587845506
"717",-1.22247973202536,-0.127559038214355,-0.84796874738377
"718",-0.000434516157127815,-0.0892469934494366,-0.621779375713798
"719",-1.02124966770806,-0.931457667134681,0.225319827634509
"720",-1.51732078595747,0.22124914617221,-3.49743364270512
"721",0.0793479647837174,-0.858186220651008,-2.4527680609171
"722",-1.48457059024784,-1.21398148254087,-4.53414281295674
"723",0.148515339002511,-0.115182122156136,-1.31889685982414
"724",-0.719363109615355,-1.14135358437168,0.0534330874800457
"725",-0.212990605482084,-0.51303348270136,2.20384831224117
"726",0.435102797108685,-0.014200781370572,1.2835454648905
"727",0.363695866472662,0.729202523628028,3.68231530855925
"728",-0.662985081057989,-0.963813763313418,2.69714002802119
"729",-1.33910903141197,-1.20475495715702,-3.87121173755724
"730",-1.62808530881786,-1.36709384054506,-0.931740711277485
"731",-2.12437059650539,-2.6880745876583,0.044015161474555
"732",-1.06535520467995,-3.12994908922738,-3.36644759001779
"733",-0.624615685106531,-1.01326487127105,-1.95617982146451
"734",1.29473927050438,-0.591604900717698,6.21968665140115
"735",0.0819093959848896,0.244904817592228,-1.28956512867436
"736",0.480415548622861,1.29717281589811,-0.641808264749668
"737",0.0742664077169495,-0.249992473242389,1.39668126558958
"738",1.58418534326419,2.63553371513253,2.6231386612399
"739",0.359246936196486,1.03560414773445,-0.131992789797439
"740",0.0613304198291032,0.106910481404716,4.4140952992971
"741",0.352059311744273,-0.972838242305325,0.794363920366439
"742",0.0880656021686742,2.05182384089054,0.451256637811865
"743",0.629572422378164,1.64614137791538,0.823260980902396
"744",1.38633209204489,1.16697669267376,-0.700636693924423
"745",-1.29912173687054,-1.89178945355423,-2.2562223970324
"746",0.680354456487435,0.327045305027364,-0.246416507889297
"747",-1.07499438507429,-2.65518069337037,0.914884403772416
"748",0.911325436986705,-0.645739731964465,-1.85600922832086
"749",0.558537933631775,0.02041818804427,3.9942340517043
"750",0.54429758077997,-0.555915415738423,1.56992134668822
"751",-2.67755590547646,-5.2754446278634,-2.67982493055715
"752",-1.19223896240314,-2.27835740935476,-7.21966953759673
"753",-0.725459482337387,-2.30429903388033,2.05700230986814
"754",0.116722137290462,1.48047212496765,-0.198475956978078
"755",-1.64824352966894,-1.72290163873997,-0.902908464047351
"756",0.985824246145293,0.536049978989538,5.39350229457551
"757",0.683937931884997,0.472025487527836,-0.676193484689197
"758",1.13827979922939,0.659713206562927,4.72470921614181
"759",2.99028975834109,1.83532336450951,6.52415751278674
"760",1.08178271137073,1.42958251004892,2.37399652162513
"761",0.541714291671608,1.26564539760657,1.73443530289768
"762",-0.857402898364242,-2.85368068866206,-3.47389491902709
"763",-1.47967649707933,-2.13471921691636,-1.18164970642395
"764",-2.81788932156206,-1.78791988019771,-0.961524443399507
"765",0.418142514233868,-0.438981177008482,-2.79494063469872
"766",2.25103314247647,2.81327000098068,3.54911111058576
"767",-0.891248556769599,-0.629668883152771,-2.0754716884201
"768",0.705965410296723,-0.838997431861573,0.450400653238666
"769",-1.51805784218182,-2.30659462368074,0.0981097939335831
"770",1.20075706071736,0.334938640939999,0.329104388265508
"771",1.28646242564216,4.07271431772779,-2.00939510452145
"772",-0.0437150737824949,1.206676513323,2.58347213704291
"773",-0.336137670191105,-1.3032680046462,-0.143952912815696
"774",0.0648294846864132,-0.615970641353343,-1.83383817387404
"775",-0.468978199002721,0.260945773735208,2.33610783048949
"776",0.0905526733475658,0.660334413365387,1.20307268271224
"777",0.114868388846702,-1.61164395824431,-2.19403975915031
"778",-0.687932573278772,-3.25922681862561,0.328973664568108
"779",0.868082063094904,1.72225406802967,1.19901277654075
"780",-1.35267382988371,-2.39553071269,-1.66464011733859
"781",-0.7304022780467,0.138568629625347,-1.56372402443254
"782",-0.376487722073837,-0.831446150523758,-1.35992536516911
"783",0.0935274211618233,1.45557338025606,-4.56514479454829
"784",0.220104825469153,-0.483288179274208,-0.687366299148817
"785",0.785391481434649,-0.151393556895534,0.747449692491
"786",0.6471502746413,0.719094046863346,0.999957804980834
"787",0.289033297957763,1.14605010162174,-2.07741918698026
"788",0.0400915230871157,1.08782490539708,1.02898788941898
"789",-2.33470300749395,-2.79347610596769,1.91083295503221
"790",-1.00152242837201,0.163476349974154,-1.06471763262385
"791",-0.0105592109779006,-0.140985537584333,0.337888102807432
"792",0.616813671433247,0.642504727058823,0.632970437796171
"793",-1.67383538255794,-1.47234272128811,-0.290540095695185
"794",0.267932798145047,-1.50595111175642,-0.688504543491735
"795",0.882208445182776,0.971702995210621,-0.986063346593095
"796",-0.742515896135286,-1.91639676098166,2.04787731697009
"797",-2.01277252214298,-2.96695690546915,-2.03790919433661
"798",0.653447592029195,0.886302672678222,-1.27253481434724
"799",0.193509900329601,0.600902031262663,-0.0210969227811528
"800",0.412602743428195,0.4806436530486,1.59827386901734
"801",1.10414897770758,1.72940389976126,0.169225186151429
"802",0.112943770161589,-0.589442248618338,3.78611957734266
"803",-0.87446386522419,0.698152380994437,-2.34325355102269
"804",0.098990166100948,0.274389590980124,3.6181494958958
"805",-0.160551694854951,-0.283015507661138,-0.679747750919233
"806",-0.803651894340266,-1.75902147688817,0.252641889572731
"807",-0.825132064824208,-1.53313110667532,-5.1258538073818
"808",-0.675609932373199,-2.88893189170239,0.214209349269444
"809",0.478796204176171,-0.692860259608482,-0.0872708652043336
"810",-0.831339338790005,-2.23668640425647,-0.417602920549352
"811",-1.12479257239819,-1.53576268288288,-0.612001906814454
"812",-0.756912092998643,-0.560733255586333,0.179464190146641
"813",1.17818286842385,2.24910269175098,-1.38207166321655
"814",0.286858591979748,-0.980885291018095,1.10552460097796
"815",1.19177478132165,0.0650147626161737,4.71484036023142
"816",2.13185245619858,1.96139051423101,4.75006132288563
"817",0.359604709980485,0.861231247751506,-1.0441700795599
"818",-2.16751372268174,-0.914033386226787,-3.75381779979465
"819",-0.281171655526534,1.41232009134335,-4.47070186993683
"820",0.798631567288442,0.142496145393783,-2.77521832922087
"821",0.43409136982796,0.238460156531807,2.78339764904263
"822",-1.58669215939082,-2.72162851080311,-5.12644063166066
"823",0.73765945296903,-0.417573944880813,-0.556224428815345
"824",0.282129000889487,-0.788346955117497,1.28982910704221
"825",0.0926198684999374,0.363090390963019,4.13847432271917
"826",-0.394341650617425,-0.630321890769152,-0.234468682741441
"827",-0.507569501508164,-0.154097116472044,1.66155465563632
"828",-1.4358335910028,-1.80144563213175,-2.43430052850579
"829",0.0447641452129707,1.48380810524596,3.24212834786809
"830",-0.142394774631478,0.730317189196683,1.44015319561863
"831",-0.959241155569853,0.742050506146225,0.573054437551662
"832",-3.20092638069185,-2.68959231873369,-3.89182162374133
"833",-1.60680758695199,-0.158604649698959,-1.64727532199146
"834",-0.380374222262864,-1.53883239524055,-2.13397974265055
"835",0.305236784500551,-0.0906024915543648,-3.8685272849318
"836",-0.395681807295503,0.807131486535695,0.803384463102408
"837",0.264351432916486,-0.904860102166391,1.14990374450762
"838",0.917579565750419,0.400917023574833,2.35075417876414
"839",1.15198163710203,2.31929251594333,2.25223165441946
"840",0.262911180868702,0.124752954235865,4.58725199027892
"841",-0.0337271990132588,1.00657976534353,4.11725282817639
"842",-0.298128352732636,-0.190960829032907,1.93402129361972
"843",0.2091919204898,-1.19509915542316,1.35413164966294
"844",0.471876836328041,-0.302129837930785,3.2489771230829
"845",-1.54363226274763,-1.04625527031015,-0.324506281750973
"846",-1.24432789443749,-1.47221833954989,2.99214470366889
"847",-1.05660796641734,-2.10461525137217,-0.925603112742214
"848",1.09502966206145,-0.12805329429032,0.474596425875135
"849",-0.716137839006306,-2.0194326576787,1.63592635443348
"850",0.522510124207072,-0.247057913964144,2.25584687724116
"851",0.0799306246131593,-0.817653223540558,-0.892755887244912
"852",0.310248081229807,-0.28069488811312,1.71126099354606
"853",-1.53856181374202,-1.25774603524311,-1.01015194054882
"854",-0.263326838545719,-0.680147781129967,3.28841748668615
"855",1.48920016417806,0.564471858663103,3.11338702970947
"856",-0.0782541500436853,0.174267837218477,0.649383118570446
"857",1.38665476114495,2.0839482355994,-1.85332649204801
"858",-0.870507459116269,-0.997857870457747,-0.860825715560532
"859",0.57066927323493,0.937850352635242,-1.21737437697574
"860",-0.0577344139057935,-1.02097187511806,-1.39320695039814
"861",-0.443280899679072,-0.926295416344757,-4.26255557784211
"862",0.933060131668302,1.40027560287521,0.844520449232471
"863",-0.0872209311184139,-0.867348390010643,-2.08569406369668
"864",0.569878939727485,-0.584607298977639,-0.947982811151001
"865",-0.727971256234967,1.3431019204199,-1.29422380194219
"866",0.929948855607332,1.02375804420161,-0.836144896710034
"867",-0.837866658501665,1.0515202764645,-0.29688543822296
"868",0.51947523517264,0.0310493654704794,1.00706261048753
"869",2.27768378818671,2.38669826792692,1.39654341897654
"870",-0.369972604550419,-0.864765590124009,-0.0229725410164149
"871",0.563622670674818,1.89319424093868,0.101621670918425
"872",-0.646541482991089,0.337945752439897,2.24592665364482
"873",-1.14773934533214,-0.332305923727606,3.67366964328538
"874",-0.742683446603732,-1.34680105337944,2.68866797271161
"875",0.242959331366562,-0.117312277384016,3.51868037326392
"876",0.147459642851534,1.2369922392598,-0.564075304237634
"877",-0.0575100723502112,-0.308360858957002,-5.79569404904429
"878",-0.63177180058763,-0.0470811336708034,-1.32706616044625
"879",-0.411097519098947,0.633684358337238,-0.0744998383005754
"880",2.11854484618421,2.49719650350609,3.0169681926953
"881",-0.578311972644532,-2.73259854873971,4.10303151046499
"882",-1.64412452380827,-2.47494269761307,-1.66847190501619
"883",0.269035853902979,1.4676114639753,0.990552188539546
"884",2.395253290185,1.95747473197115,5.01648794567381
"885",0.223935122455779,-1.0027563926033,-2.27301890568272
"886",-0.236637484755231,0.886469992502997,4.04028789590982
"887",1.13406944510915,2.05983813952807,0.204072791345694
"888",-0.264574638896754,-0.976837415465601,0.0417009034725115
"889",-1.99528887774676,-1.50615724764292,0.69025147956444
"890",-0.0631465775485244,0.771798087083311,-3.27456598943052
"891",0.337357342265967,0.209042565391577,-0.134698646952918
"892",-0.510894419825848,-1.82621666288333,0.382690533355889
"893",-0.399532272637949,0.0537120837100503,-0.788958746758237
"894",-0.142044122404726,-2.08090736743361,-4.19681483813329
"895",1.67397778962833,0.624007278154702,0.310544773228144
"896",-0.854414826364173,-0.854513099626617,0.125343707054365
"897",0.534977375243536,-0.756538065420767,0.219479762655335
"898",-0.347130319611579,-1.39389207331304,1.22970698058164
"899",1.92304275931337,1.66008770411026,1.4429433947524
"900",-0.056446768842962,-1.2148527962826,0.53741647696362
"901",-0.0621024707731885,-1.9612514800616,-2.01222777582696
"902",-0.847379281628255,-0.318750683369467,0.263820450043655
"903",-0.092268397901707,0.0263223697313265,4.2479661792663
"904",1.01159994949815,1.40109920498489,-1.94755798197425
"905",-0.278149475045736,-0.949566197698192,0.0221307042956331
"906",0.0434759391160427,-2.29680957475632,-0.694660973939281
"907",-0.454905136613268,1.39000713590974,-2.90371494497338
"908",-0.0727346339414097,1.30598894329432,0.266408619226477
"909",-1.5451384034141,-0.987478079311084,1.56392743245436
"910",0.483900737849484,-0.42922080067649,1.94613042540681
"911",0.355438620416294,2.45160684655168,2.21312986786188
"912",2.04534637323659,2.08651518137506,2.90058405710008
"913",0.0970507784770359,0.0648052352896462,-0.574073717264385
"914",-0.391505889452149,1.97044166634532,-0.983688626140244
"915",-0.462414918642251,0.663582910393635,-1.83529770595598
"916",-0.0257705847694112,-0.694236842635913,-1.03526779863727
"917",0.0644797605991199,0.00603511694223333,3.43618722925826
"918",-1.32981852176268,-0.439927561709734,-3.36227988593707
"919",-0.788478567265742,0.090936068235136,-0.298617506557218
"920",-1.2895776358784,-0.742130418804867,-0.381922736768566
"921",-0.187815201608925,0.556099597565874,-0.286191521584936
"922",-0.587182346897573,-0.731164948073358,-3.13948335343227
"923",1.90678819315763,1.585727943981,2.1447882844717
"924",0.983099378704482,0.91140680701464,0.165931738443209
"925",-0.77670571539115,-0.973086382849718,-2.84474844047667
"926",-1.33500818501392,-2.17441273298015,-0.615629718897864
"927",1.59116449350873,0.459710886461491,1.63992160140777
"928",2.04310982122535,2.71140858089709,2.50587351062906
"929",0.747478860242647,-0.718510274754429,2.05847613735238
"930",0.666263411380328,1.53651753718778,-0.195799114551991
"931",-1.89511470190055,-2.09989358945279,-4.01304986082099
"932",-0.388122461295967,-1.00596940554855,-0.59357586388284
"933",0.942780703009027,0.677554501507191,2.21227867774762
"934",-1.11629834531703,-2.42233798042426,2.0017654050997
"935",0.838403371455227,-0.114280158970972,-0.119416424385002
"936",0.581322166443083,0.552317120126996,-0.529746378218548
"937",0.387868409739493,-0.692799896353812,-1.47835562314085
"938",1.03673758660801,-0.651539211285069,4.38208966175461
"939",-0.163846153703277,-1.34530144843926,2.38863861245813
"940",0.52160487007214,0.324760853878933,3.77379939887181
"941",-0.974126644930847,-0.790172858746883,-0.151363201578612
"942",-0.398085212308994,-0.568294534696215,1.64336145632014
"943",-0.187887157679799,0.511327798078123,0.803858315409325
"944",1.04371039784754,1.31227399154134,-0.713746088005413
"945",-1.77082665326853,-1.91503159393505,-1.28182453806525
"946",-0.837664613101252,-0.641490999593267,-2.20859593524895
"947",-1.06197196319646,0.970993676038524,0.872720171162504
"948",0.347607383538878,1.59287548416516,0.0491656704165427
"949",-0.586673920396357,0.531254143588271,0.2074173881502
"950",-0.222083421052364,0.56340115171175,1.01984364030284
"951",0.15667593174643,-0.801262113627028,-0.243397239013142
"952",-0.146813444380616,2.24235647990619,-1.47183325190336
"953",0.868309336215621,1.74278249298297,1.41295755853518
"954",-0.019430768281756,0.894614694489424,1.06929977962234
"955",0.434062367980499,0.334691711412604,2.31173396779571
"956",0.620187897662704,1.18520311825242,-0.616505182161943
"957",0.481352129601814,0.673479085247825,-0.934180361538053
"958",0.460215225165211,2.13936516709637,0.796706530058689
"959",-0.195986343627848,0.446377760010132,0.145398365833961
"960",-0.670146443393576,-1.41603874116569,-5.86029304841245
"961",0.121719311012368,0.204482185136825,0.0491197263946239
"962",0.0238149652566801,0.277394736147989,-0.30338987118725
"963",-0.468996455202708,-0.516595275583699,1.5578544707641
"964",-0.152108708053978,-1.52500267710563,-2.50019067361748
"965",1.74436644506591,2.96926807236211,1.27064188218607
"966",0.983075077371005,0.328207117262819,1.48883462809992
"967",1.0859572688673,0.250316325274185,3.34357898287886
"968",0.807007381844036,1.55907165184689,0.0383364602193959
"969",-0.688274564033914,0.747580006558177,-2.89721351242619
"970",1.12689733149866,1.82203211838674,3.44590303588054
"971",1.06592610024597,1.78377982594777,4.53329080844595
"972",0.442117706004633,0.802133260670071,1.48317242439359
"973",-0.379980153678898,0.514618164664948,-0.873507206904592
"974",0.278559959401457,-0.00143928659432913,-2.13005188214768
"975",0.921684263345507,1.75626621446879,1.98687616175243
"976",2.54559309811724,3.19325395104706,3.73040398679764
"977",1.53115745082571,1.79523925229666,-0.76442824831411
"978",0.315317541971124,1.1495880963722,2.59773529538164
"979",-1.77773808197241,-2.51301781459941,-5.1304649304215
"980",-0.307988179394175,-0.317948844823361,2.16738396118544
"981",1.59850740719741,1.84681078337815,3.14418399884958
"982",-2.03304515549315,-2.01276704385518,-1.01437725169961
"983",-0.0718675403300337,-0.067499441830537,-3.23830094769479
"984",-0.0832117327447926,-0.520409933344693,-2.51520729490575
"985",0.173836577829121,-0.32917458369284,5.7049137809003
"986",0.623309964211185,-0.308814027944609,-1.39123616105066
"987",-1.40148620965703,-0.282398623021039,1.53448687511568
"988",-1.81343597326503,-1.33903632520406,-2.30867878554634
"989",-1.83811442628596,-1.76910218260318,1.46672381025851
"990",-1.76688204349467,-2.12255981557909,-3.12216171564808
"991",-1.40731049413467,-0.382247610078051,-3.28011394541099
"992",0.929182984671223,-0.556483750995293,0.600629656595167
"993",-0.604352657294327,-2.39640008631426,-2.46146111079987
"994",-0.356848063912584,1.20504106318392,5.92128755502141
"995",-0.543300678884344,-0.271708027265398,-0.213014515830841
"996",0.156301891204696,-0.248560755716175,0.628309553352687
"997",-1.01169696400786,0.227801544612385,0.624379453964256
"998",-0.0601766143998066,1.71343207028111,2.07731734939492
"999",0.182648397164588,0.340039023969571,4.63496942953216
"1000",1.13257685468154,2.01218129664007,2.4519450993713
